x,y,class
-0.931871173366553,-1.72069927826524,1
0.958675348024802,-0.765829389542341,1
0.749248949073999,-1.5110873889178,1
-1.02639571130712,-0.809771809726954,1
0.99717699260831,-1.58036632239819,1
-0.61592596339813,-1.39248204007745,1
1.06652926396337,-1.1043216638267,1
-0.41671659901824,-0.805263227969408,1
0.979333884338059,-0.939529511332512,1
1.27622759850485,-1.16521419845521,1
0.983980980952031,-1.54072164855897,1
-1.33147656265444,-1.2329276971519,1
0.689175205784661,-1.29885553456843,1
-1.23162724878382,-1.48506365828216,1
0.0887381000071783,-1.23887151628733,1
-0.600674894856654,-1.83268281519413,1
0.74258836498716,-1.11285240836442,1
-0.460447290579868,-1.1311368945986,1
-0.41937081738092,-0.723673235997558,1
-1.01017402290497,-1.20007551796734,1
-0.147863328655428,-0.859558419138193,1
-1.19691427561483,-1.28823106102645,1
0.285233893957418,-0.826513576507568,1
1.29406564269856,-1.27241531759501,1
-0.0938400267272235,-1.14924882203341,1
0.000135827018423296,-1.5760151013732,1
0.575136882706043,-1.37097810953856,1
-1.16297537632268,-1.49550894275308,1
-0.805416149799032,-1.40259111858904,1
-0.338306966620617,-0.87332506775856,1
-1.17343048931149,-1.57198819257319,1
0.159050838417654,-1.67614622525871,1
1.07150330880276,-1.46303545124829,1
0.242438860276831,-1.71212256997824,1
-0.280014258921713,-1.18023089505732,1
0.835060179565888,-1.39211829677224,1
0.525345742944867,-1.15625860728323,1
0.44088134662116,-1.87140375636518,1
0.610802484186295,-1.04130641296506,1
0.0661358775681766,-0.952422967925668,1
-0.0503603358664417,-1.63093374855816,1
-0.382570348302982,-1.26348402835429,1
0.875892811575741,-1.63468933813274,1
-0.19704446452159,-1.1463636752218,1
0.280525091642131,-1.66091188080609,1
1.24567882468932,-1.31318321451545,1
-0.490664703429956,-1.87205319963396,1
0.0682903956154441,-1.45629121288657,1
0.63185546314714,-0.924675431847572,1
-0.170596212183887,-1.01531027965248,1
1.00068941105713,-1.1636944886297,1
1.00780912640652,-1.3697062112391,1
0.776659824235288,-0.703297039493918,1
-0.141809653317666,-1.16889523267746,1
0.683838345745751,-1.4204452496022,1
-0.0115710237096553,-1.69949017874897,1
0.819193843240456,-1.18715442828834,1
-0.1638156154514,-1.42090207189322,1
-0.288667817273594,-1.44917521476746,1
0.839451385913948,-0.597605984285474,1
0.0152810851642753,-1.26992492340505,1
0.461654232066329,-1.44021193943918,1
-0.155407732929718,-1.08772387653589,1
-0.604673506173061,-0.628966135904193,1
-0.606544374952213,-0.986322839558124,1
0.903435188595536,-1.2299958024174,1
-0.589961489311966,-0.911301027983427,1
0.495236087363796,-1.57873677611351,1
0.109251851478683,-1.70776379480958,1
0.198201847343528,-1.37815507091582,1
-0.567694281550821,-1.33546824492514,1
0.106687197725721,-1.58076882474124,1
0.879493253224352,-1.0335873324424,1
-0.882176725938509,-1.3391352917999,1
0.491773754357641,-0.996122617647052,1
-0.292713510359286,-1.7712818402797,1
-1.19519682837369,-0.783110402151942,1
1.23622837492279,-1.30776768997312,1
-0.348085577759269,-0.721062853187323,1
0.694211387738498,-1.42632878012955,1
1.03924272790513,-0.827970146015286,1
-0.917522595794349,-0.595349415019155,1
-0.769101180732708,-0.975500361993909,1
-0.477695527500509,-1.79552398733795,1
0.00267023708904413,-0.914259386062622,1
0.664901496199665,-1.13228036053479,1
1.08177995753223,-1.14118328243494,1
0.962481277910785,-1.22324946708977,1
0.477999301380262,-1.02048491314054,1
0.952733700621684,-1.31610627882183,1
0.374766992351404,-1.81400378160179,1
-0.536896230092,-1.79159333072603,1
0.024113646230989,-1.77239704318345,1
0.00280130169574533,-1.68932684771717,1
-1.25079009782888,-1.24370505325496,1
-1.3657798600755,-0.943467526137829,1
-0.520103011412481,-1.3110642220825,1
0.56681246921847,-1.61881569698453,1
-0.00932586154673043,-1.75800297893584,1
-0.733384649148294,-0.913237397000194,1
-0.547975508355136,-1.44594130814075,1
-0.973174601660778,-1.53742644861341,1
0.0593404551450363,-1.33328665345907,1
1.04485156310796,-1.07984031252563,1
0.673425752575638,-0.691246296092868,1
0.644450312606995,-1.79134779013693,1
0.494426939275031,-1.85807065330446,1
0.200446068831204,-0.926360728219151,1
1.12247006102345,-1.3510249145329,1
-1.07751522853937,-1.52496230192482,1
0.0866936571824879,-1.62281226366758,1
-0.0330502596037254,-1.40651551038027,1
-0.648785569537518,-1.36294536553323,1
-0.973494277493416,-0.866971987113357,1
0.793479226772526,-1.1229594618082,1
0.53799102297789,-1.41680299006403,1
0.81470744120602,-1.45425988472998,1
-1.05762732907022,-1.44367942065001,1
0.350685761140726,-1.81979448609054,1
-0.289940500282557,-1.24709485657513,1
1.34867806099008,-0.954173691943288,1
-1.243532718225,-0.855553102493286,1
0.0447711925646403,-1.82312378957868,1
-1.08163473673616,-0.737015018239617,1
0.371795551047889,-1.28301610685885,1
-0.458035828061669,-0.826710474863648,1
-0.515475423105674,-0.780634789168835,1
0.370625494411021,-1.1403443839401,1
1.36198989701656,-1.14829282723367,1
0.319485923279965,-1.3434003405273,1
-1.35718228876817,-0.996563645452261,1
-0.604698398386353,-1.58428058363497,1
-0.596274520493002,-1.45977102667093,1
-1.34969882857261,-1.23397283032536,1
0.891290235562263,-0.813129700347781,1
0.209900037371907,-1.15392959080636,1
0.753129547814959,-1.80425515919924,1
-0.562694194928111,-1.58151980340481,1
0.0814798407097488,-1.37387317866087,1
0.301600305570878,-1.36919944211841,1
-0.364080305227472,-0.952178801968694,1
0.170218985190823,-1.82462887391448,1
-0.987130182630309,-0.995781552419067,1
-0.49195186829655,-0.908053034171462,1
0.580452002766856,-1.24252038598061,1
-1.01652898160367,-1.18911695815623,1
-0.10295941589565,-1.57521429359913,1
-0.602318348582769,-0.856332812830806,1
-0.0546806581177306,-1.40465104840696,1
1.23437100840153,-0.987875086814165,1
1.03250195417272,-1.08366684801877,1
-1.05197696208207,-1.41570786051452,1
1.33251628970879,-1.27581205107272,1
-0.838028373269201,-1.44345243573189,1
0.865366163153638,-1.75305050164461,1
1.21557916751303,-1.17561375163496,1
-0.438737144862028,-0.998189414292574,1
-0.00853875704710916,-1.19770625978708,1
-0.00239865895495872,-1.78120100572705,1
1.0281533759832,-1.69032405279577,1
-0.181872229755844,-0.906557163968682,1
-0.45394893080514,-1.57509531825781,1
1.15243515752482,-1.5876421906054,1
0.727772408701072,-1.17596020624042,1
-0.582505047904505,-1.18200665414333,1
-0.864183622783114,-1.08200073800981,1
0.149449401191404,-1.77883599475026,1
-1.07911755983608,-1.61912833489478,1
-0.346400267228316,-1.07117430828512,1
1.28297467930262,-0.886755874752998,1
-0.169276884657445,-1.231614805758,1
0.726639177878316,-1.67293598167598,1
0.171443102109834,-1.55239327847958,1
-0.480597936215638,-1.45467603318393,1
-1.21798743303286,-0.805418415740132,1
-0.0136235738575021,-1.25980460382998,1
-0.866514916415472,-1.39998691901565,1
0.0721863221730172,-1.07854925617576,1
-0.804273032803789,-0.783809974044561,1
0.511466096525077,-1.32004953622818,1
0.085533048817561,-1.13537173084915,1
0.825681461152591,-1.02337956763804,1
0.158966164021744,-1.89538947939873,1
-1.20965988677234,-0.784447291493416,1
-0.132965607579284,-1.88760811015964,1
0.718505671513027,-0.598520608246326,1
-1.06056657462806,-0.780651597306132,1
0.311718195565598,-1.22298001497984,1
0.45323411622523,-1.84577606879175,1
-0.580969171745997,-0.884252934530377,1
-0.743419589102146,-0.792518004029989,1
-0.727009033869883,-1.28177838027477,1
-0.779241550270893,-0.836316447332501,1
-0.56560969978892,-0.946744249016046,1
0.177388189789394,-1.35675709433854,1
-0.541737593660746,-1.15386150963604,1
-0.517094287580802,-1.27519097216427,1
-0.764453385424086,-1.05976095683873,1
1.04331469956481,-1.48038536421955,1
-1.26656513870214,-1.17005304247141,1
-0.678155952982226,-0.998083961009979,1
-0.599233290576553,-1.66155292280018,1
-0.31975970648658,-1.14329259246588,1
1.13122078399231,-1.28361070603132,1
0.112483535455172,-1.83950413241982,1
-0.48935125739441,-0.695181817561388,1
1.02930658674823,-1.1079718131572,1
-0.868131579061777,-1.79604868888855,1
0.188041044392727,-1.80556509234011,1
0.480618839965878,-1.75907924510539,1
-0.0401127825467698,-1.31523042470217,1
-1.2376460847541,-1.48207909800112,1
1.31411348485579,-1.16289964057505,1
-0.368630368918998,-0.840695770457387,1
-1.13794693119772,-1.62310974411666,1
0.526014162124053,-1.82566700577736,1
-0.736525441838595,-1.84763670302928,1
-0.386239952288289,-1.23669148050249,1
-0.580877970361348,-1.54176286756992,1
-0.199149005466033,-0.815079582110047,1
1.10270841379617,-0.918583136051893,1
0.665043291640353,-1.28476541489363,1
0.814847283934641,-1.04278209209442,1
0.212437610706328,-1.90056426934898,1
0.76895805083065,-1.10238875262439,1
0.477235048153015,-1.63724212832749,1
-0.489991193575823,-1.85716181583703,1
0.843970631138118,-1.24663329571486,1
-0.219312870508378,-1.78898266255856,1
0.878223823005523,-0.71997952349484,1
0.750353342686094,-1.4043106187135,1
0.0431475267532972,-1.43844911158085,1
-1.25414365958298,-0.83121921941638,1
-0.860132870162071,-1.74792316704988,1
0.519010990599237,-0.729317937791347,1
0.536943714729788,-1.45084583871067,1
-1.33699622833115,-1.26304335705936,1
0.361660241693797,-1.47756348960102,1
0.587031206118637,-1.09644838944078,1
0.913952614507758,-1.62350117973983,1
-0.352818574890681,-0.906204267591238,1
0.639073084625107,-0.8625523570925,1
-0.886524840926562,-1.42737802714109,1
-0.918425787404496,-1.76226346641779,1
0.720102756436822,-0.985273760184646,1
1.13664683301958,-1.28083354458213,1
0.750433687380896,-1.14684542715549,1
0.0531780747268515,-1.88974341154099,1
-0.0431337870559996,-1.13268981650472,1
-0.525769759124776,-1.43711798898876,1
-0.209810382587114,-1.3607376743108,1
0.405460047585246,-0.735977781191468,1
0.249601534642955,-1.32204538956285,1
-1.02551151160587,-0.978696598112583,1
-0.326608352964005,-0.972250215336681,1
-0.394201120460694,-1.26848404854536,1
0.0920814064548423,-1.31455434337258,1
0.214204608827092,-1.52906002029777,1
1.02494325358088,-1.41825285479426,1
-0.829337091893643,-1.32529261223972,1
-0.578611818165558,-0.938009637966752,1
-1.16170426261953,-0.932366347685456,1
0.31964306080958,-1.29861557781696,1
-0.811778819439803,-1.56021760329604,1
1.18731015454479,-1.53147066198289,1
-0.408630892579131,-1.63055026978254,1
-1.21487012867914,-1.19211758822203,1
0.025012848729342,-1.71010081507266,1
-0.296261911906943,-1.78295412324369,1
-0.643161595301871,-1.81741354763508,1
-1.03243696194671,-1.7091732122004,1
-0.717367403860874,-1.67653564177454,1
-0.173269522361655,-0.883974734321237,1
-1.17395389788687,-0.879723354429007,1
-0.221273903983182,-1.43499273769557,1
0.418812314482631,-1.26715714521706,1
-0.643188530402306,-1.68280911706388,1
-1.23296013500867,-1.37615162134171,1
-0.564536402954305,-1.85279134511948,1
-0.403434570719784,-1.26002155318856,1
0.840408539197522,-1.50001139491796,1
-0.313316016162312,-1.75209639295936,1
0.887169682891579,-0.971081195771694,1
0.773161195436868,-0.879538554698229,1
0.717346958122169,-0.956515768915415,1
-0.9584562991428,-1.33863789178431,1
-1.29448230474425,-0.962454633787274,1
-1.00723927507229,-0.715636790543795,1
0.980055463994858,-0.615762612223625,1
-0.961481796836009,-1.74803681373596,1
1.27074852588444,-1.0846794962883,1
1.30534604835837,-1.30571509152651,1
-0.0846888193807125,-0.972014770284295,1
0.219618251320951,-1.8692768830806,1
0.486506811790592,-1.85797838196158,1
-0.784290222445801,-1.13693681247532,1
-0.0690813069304836,-0.946917902305722,1
-0.62329861334693,-1.2389954417944,1
-0.206151086456303,-1.59081080928445,1
-1.12664263044039,-1.40604089386761,1
-1.16321838971756,-1.55027083046734,1
1.2707241669367,-1.01799675263464,1
-0.487982622266425,-1.80478170588613,1
-1.19642517573636,-0.850974715873599,1
1.2053244047285,-1.57321390137076,1
-1.10018552537549,-1.60278877094388,1
0.976168475149626,-1.34007141590118,1
0.904032965009808,-0.715437942370772,1
0.0666566950697982,-0.86764973513782,1
0.0602138902777458,-1.8673187032342,1
0.240524170303427,-1.34357197321951,1
0.891222730111487,-0.597139563784003,1
-0.679633544253614,-1.40938908904791,1
-0.813093590205595,-1.49780583754182,1
0.26914728911587,-1.51089587695897,1
0.865369358854516,-1.16419805064797,1
-0.140024188119926,-0.994058375805617,1
0.438172151304527,-1.47184029109776,1
-1.26783999369782,-1.49119022004306,1
-0.627148298255527,-1.59104936793447,1
0.410901903200394,-1.24369869418442,1
-0.388176252491481,-1.28919712640345,1
0.999233441044133,-1.26095219925046,1
-0.34711979491559,-1.35186381004751,1
-0.328001703198839,-1.52622431069613,1
0.14197414173779,-1.80449052378535,1
-0.678250192423556,-1.2886331319809,1
-0.642498839636421,-0.921124856546521,1
0.806128079425267,-0.972632869705558,1
0.284272787242836,-0.803380994871259,1
-1.01403933859248,-1.52042014859617,1
-0.169173390917897,-1.39754068106413,1
1.12089938507069,-1.58659146614373,1
0.229887345455065,-1.66853587701917,1
-0.212211019555061,-1.62363989315927,1
-0.41759544854793,-1.07868721820414,1
-0.949621867105455,-0.881793494150042,1
-0.0736559559805476,-1.23789846040308,1
-0.891258107285718,-0.909348007664085,1
-0.42333296098855,-0.873058022931218,1
0.856918307772582,-1.54958464130759,1
-0.358365693363584,-0.917793299630284,1
0.016229556339679,-0.942770335078239,1
-0.955592585266191,-1.16189903207123,1
0.214021765562281,-1.77458594813943,1
-0.322435206815824,-1.78723731338978,1
0.384468882016813,-1.36733045205474,1
0.321746182956253,-1.8456380944699,1
-1.18934864321953,-1.29862586259842,1
-0.416544532648066,-1.67278682738543,1
-0.00310327077650441,-0.960018481314182,1
0.973452353219458,-0.648378794640303,1
0.512138820753193,-1.02012131735682,1
0.548486633009251,-1.40540982298553,1
0.0308199043179487,-1.52736419551075,1
0.084735961482961,-1.5529522228986,1
1.21361831568586,-0.946656825393438,1
-1.26031762652525,-1.49889440014958,1
0.656367939464824,-1.54178051352501,1
0.50193337659882,-1.73443450219929,1
0.174876392254257,-1.75565094985068,1
-0.795526787449108,-1.00508258081973,1
0.330731711441895,-1.52925249524415,1
0.145218372375865,-1.12661195769906,1
-1.27205844860462,-1.08230606541038,1
1.05871806148274,-0.921885634958744,1
0.162634822141871,-1.07113214544952,1
-0.120690235437153,-0.99796518906951,1
0.29630038422711,-1.29629914946854,1
0.758261672805438,-1.33139495663345,1
-0.840759003006662,-0.967946888878942,1
-1.07494598883239,-0.854273549839854,1
-0.909561101953686,-0.880345654860139,1
0.734259700296206,-1.76972277499735,1
-0.789099071088036,-1.80836051665246,1
-0.827373122863323,-1.55607577636838,1
1.11055200664493,-1.06702509000897,1
-1.28591523726462,-1.16116355881095,1
-0.68682173427366,-1.3820806093514,1
1.07430107161335,-1.16088651306927,1
0.592522153304393,-1.66215318590403,1
1.11084991200862,-1.48062199577689,1
-0.731812519365721,-1.35444331504405,1
0.643920271298009,-1.8710620816797,1
-0.310144039763163,-1.79829715006053,1
-0.553600828080758,-1.53736641220748,1
0.208616847344793,-1.76971178874373,1
-0.97287944890749,-1.61056765764952,1
-0.154170309024023,-1.08157577365637,1
0.252795182902339,-1.78614671938121,1
-0.190874727374223,-1.09897562451661,1
-0.603832944720939,-1.80513832233846,1
0.675254482996121,-1.24462649859488,1
-0.144324642661232,-1.53048657439649,1
-0.886927015275949,-0.730059673264623,1
-0.655299636642666,-1.83427938334644,1
0.404596368227973,-1.14922960549593,1
0.565246016573205,-1.79694488234818,1
0.2713255154231,-1.57358536012471,1
-1.04411901063657,-1.27924384437501,1
0.658455420452715,1.41615808680654,2
-0.136789493333902,1.02119518630207,2
-0.366757038165661,1.21642992384732,2
0.75066815555207,1.16122406348586,2
0.293083825011129,1.72602047584951,2
-0.648826876858261,1.23010222427547,2
0.879994653242627,1.63250762410462,2
0.757093899738827,1.31156019903719,2
-1.06081089912961,1.11850578151643,2
-1.0523455698949,1.6572823792696,2
-0.873173735276552,1.71628893986344,2
0.110322061601,1.72230851985514,2
0.642188950718814,0.987569481506944,2
-0.345864085580554,1.0406673617661,2
1.03119124193407,0.73676373437047,2
-1.23369592599787,1.01176754906774,2
-0.00144060846182037,1.4941504497081,2
0.453439261278322,1.21202229186893,2
-0.568485068956225,1.52886726334691,2
-0.263227571123383,0.771206827834249,2
-0.578475478641309,1.4588061388582,2
-0.435905833030899,0.946525917947292,2
-1.12460862132605,1.2621811684221,2
0.533173014753703,0.955801872164011,2
-0.896892153233935,1.44443036615849,2
0.166178427543245,1.58247170709074,2
-0.227038049859415,1.33247365094721,2
-1.00397024174726,1.61006104275584,2
0.191454911215128,1.84269180074334,2
0.801396678198069,0.950868654251099,2
-0.400134025422678,1.12156313359737,2
1.19275651112881,0.97573614679277,2
0.00125063098617884,1.44787815585732,2
-0.428171436359913,1.76398286484182,2
0.0875104201995722,1.78150354772806,2
1.00585606272166,1.02612155973911,2
1.30713771617407,1.22140351757407,2
0.422862119292269,0.83406018614769,2
-0.365945031721625,1.65030214414001,2
0.55820511683478,1.026469258219,2
-0.612948449224961,1.80679479502141,2
1.27604371336111,1.39382507503033,2
0.112946002546778,1.10908185914159,2
0.952118454894941,1.53044061996043,2
-0.549311337920397,1.75921157486737,2
0.339621790583216,0.892623155936599,2
0.329953933250803,1.2779474362731,2
-0.290877412829756,0.854637882858515,2
1.2678566715456,0.965115997567773,2
1.11285600901775,0.691327725723386,2
0.829461595128302,1.13400108367205,2
1.10327686319991,1.25095307268202,2
-0.667226449680849,0.691343000158668,2
-0.32333673310641,1.0957938876003,2
-1.19180423119177,0.783432982116938,2
-0.262813171888218,1.70786202214658,2
1.07162967522316,1.2479207675904,2
-0.608867072759027,0.955965074151754,2
-0.596554607521263,1.55763112790883,2
-0.668019412965413,1.45397621616721,2
0.742459822038865,0.795225308835507,2
-0.282336902234236,1.77756976000965,2
-0.280451514619184,0.899838463962078,2
-0.235815583370335,1.00293979682028,2
1.23048844332493,1.0384164724499,2
0.652332415402936,0.847051965072751,2
-1.30792212190884,1.06366359703243,2
-0.423152529096082,1.13978737816215,2
0.925515696323352,1.05639576986432,2
0.235183978976655,1.3044264703989,2
-0.885300755147146,1.03918020762503,2
0.343527967257286,1.27213701605797,2
0.837125930955545,0.835337810963392,2
-0.696648393806506,1.42979855872691,2
-1.0561486459668,1.08027053289115,2
-0.00656395338415461,1.56633183844388,2
-1.2663461890776,1.19209362864494,2
-0.823754681231652,1.05862513482571,2
-0.688662300983731,1.75289438292384,2
-0.809176097532659,1.66057265624404,2
1.04735827126563,1.17554519549012,2
-0.959037818093817,0.673687672615051,2
0.977252724687836,1.49099345393479,2
-0.856635530413111,1.38871838673949,2
0.492841364323824,1.7822780571878,2
0.922900438134486,1.71307815201581,2
-0.296993512674471,1.42864289395511,2
0.452683873753103,1.23291015997529,2
0.319313552650003,1.64688990861177,2
-0.59155269079864,0.927869697660208,2
-0.474922926130957,1.1542134039104,2
1.12590890634177,1.32386323846877,2
0.968906830070044,1.33401116989553,2
-1.10480342537598,1.56836873553693,2
0.945243620667349,1.73828248269856,2
-0.762611900095979,1.58018365427852,2
0.317890787175787,0.904791756719351,2
0.454113070851051,1.74172807522118,2
-0.0825125665452793,1.75753621384501,2
-0.177856354129296,1.48348831869662,2
-0.00822033198818062,1.37930408269167,2
-1.17138801606615,1.36590981855989,2
-0.447120885115651,1.49223360791802,2
-1.16953037253225,0.727236386761069,2
0.095928181757585,1.7413344964385,2
-0.636424636818519,1.87214762084186,2
-0.3681787922518,0.984184730798006,2
0.695957191472808,1.16866088248789,2
0.675998091969749,1.81875296607614,2
1.20088398354894,1.27475993931293,2
-1.02650764193053,1.45595371052623,2
-1.02245842098829,1.21778048723936,2
-0.713135047720122,1.27915465459228,2
0.300535478705947,1.17715395651758,2
-1.22795353956199,0.75553662776947,2
1.27808594592334,1.35872693955898,2
0.92238774871575,1.47530645169318,2
-0.755092735111711,1.72379381768405,2
0.872871181679657,0.680253850668669,2
0.0662289693857039,1.80939736776054,2
0.509677935157454,1.75663406774402,2
1.05821906894436,1.36626737229526,2
0.893365678501943,1.69804022759199,2
-0.717789692442034,1.83823586925864,2
-0.73911035189773,1.14700416624546,2
-0.494545470194977,1.57486164532602,2
1.06415792156888,1.45246547795832,2
0.692594635565858,1.09681215435267,2
-0.10319512121696,1.23498261086643,2
1.04048465732089,1.45115355364978,2
-1.11429326608072,1.65016149394214,2
0.688302742466794,0.939113090932369,2
0.840317991744356,1.18962614051998,2
-0.0286739392792825,1.6535327617079,2
0.526586725846707,1.00113691203296,2
-0.259031660634195,1.43717179819942,2
-0.901089453327524,0.669416966289282,2
0.64010930523137,1.08902817256749,2
-0.704362045020191,0.781255537644029,2
1.32437455016448,1.1461667098105,2
1.16568161791903,1.32063542455435,2
0.840239103474335,1.45688125304878,2
-0.510280202160738,0.784754177182913,2
0.977868040478667,0.612698703631759,2
-0.624124728622206,1.01275093071163,2
0.664756992911745,0.834106703102589,2
0.081631923893944,1.24968468397856,2
0.187052876073108,1.83583782464266,2
1.14233670642192,0.718423960730434,2
0.230681507614014,1.31793070845306,2
-0.570367953077633,0.855607680231333,2
-0.655580103184734,1.80981658175588,2
0.60744542831021,0.867698580399156,2
-0.234246586360709,1.48786632753909,2
-0.059152614624062,0.989085524901748,2
-0.46063344826526,1.36352355591953,2
0.483381025789837,1.31359291262925,2
-1.2377088050872,0.998596250638366,2
0.34277279381678,0.85995598807931,2
-1.10182964471043,0.998375388234854,2
-0.093651471941802,1.34872637800872,2
-1.08300073472974,1.33404026515782,2
0.340784634511526,1.72251594364643,2
1.04406977245037,1.35741609409452,2
1.32066169782371,0.940028834715486,2
0.0118419342886853,1.8790618788451,2
1.05006704230529,1.49818943999708,2
-0.227764999798769,1.25342689938843,2
1.28251970841963,1.42975313104689,2
-0.126958188811554,1.0594405528158,2
0.730884002182927,1.75608485974371,2
0.855771328170147,1.55105912238359,2
-1.12438592976025,0.747264890745282,2
0.515069854540495,0.988467041030526,2
-0.763755975282492,0.751276200637221,2
0.662525796208178,1.41277562566102,2
0.0564391149072412,1.86634427979589,2
0.167278088585729,1.60595363155007,2
0.0461785160437305,1.23643506243825,2
-0.0514631504416028,1.82588685005903,2
-0.265051892047547,0.80162128135562,2
0.838972023646144,1.09433572925627,2
0.21982183031194,1.58385599441826,2
-0.743078604055799,0.926791169494391,2
0.594497549268383,1.79315946511924,2
-0.0685776531840629,1.51424130499363,2
0.720695394818014,0.856796872243285,2
-0.464548687210049,1.15764534920454,2
1.10190094465054,1.46307691670954,2
-0.551034708820633,0.916649554297328,2
0.892235788698173,1.70545153990388,2
-0.991313850717698,1.22506910301745,2
1.039554074545,1.17904164157808,2
0.595891919324934,1.57226371392608,2
-0.352125585922753,1.22617692872882,2
-0.339302864047069,0.931338309496641,2
0.755657466577626,0.622804294154048,2
0.164519599291125,1.79436578117311,2
-0.89505937142247,0.619026810303331,2
0.591412340754127,0.676423390954733,2
0.737448945546688,0.642564001679421,2
0.668935873935233,1.34092720299959,2
1.19983493861971,0.753158834576607,2
-0.351947584216133,0.970110842958093,2
-0.610362659472284,1.48190676271915,2
0.864475950915692,1.14067654535174,2
0.737752103121967,0.880520522221923,2
0.510508352886692,1.19163322150707,2
-0.379365786264493,1.02232366986573,2
-0.588305689385403,1.52430091351271,2
-1.01528757118115,1.18759762719274,2
0.293245399284208,1.61709028556943,2
-0.673561145585964,1.35782066881657,2
0.202615740183608,0.83034439869225,2
1.16603024578959,0.764481658861041,2
-0.860291936400315,1.7003748126328,2
-1.03678190912977,0.793737197294831,2
1.22429578548984,0.753648549690843,2
0.989082333535805,1.13314874581993,2
0.426664106775851,1.40264544859529,2
1.1575649405583,1.48157726638019,2
0.390702906856866,0.99872466288507,2
0.536331191771332,1.39160290583968,2
0.466047573422832,1.74992748647928,2
0.633213969473299,1.76914775818586,2
-0.273195056228298,0.954959296062589,2
0.484604904620699,0.819842632859945,2
-0.616995228952749,1.18774797432125,2
-0.48749019693876,1.29718907810748,2
0.245402106028339,1.35526074804366,2
-0.993735726186524,0.92505463398993,2
-0.129108461494116,0.975867191702128,2
0.067677792861778,0.98388537093997,2
-0.405079076704695,1.65982619561255,2
1.20277362042115,1.31712298840284,2
-0.532053914170659,1.10541013106704,2
-1.16209855411033,1.11570894978941,2
0.139352879445874,1.32967369705439,2
0.385267544495897,1.16362871862948,2
-0.864138322458128,1.15061692856252,2
1.33135736612567,1.16066607348621,2
-0.065194702788991,1.39186217039824,2
1.01487872128121,0.901426611468196,2
0.578524878364154,0.991854386404157,2
1.1126036842354,1.47771364487708,2
-0.653568439973106,0.880004263296724,2
-0.868037422010624,1.40810877047479,2
0.934071166250285,0.635519711300731,2
0.732511729116376,0.990428474545479,2
-0.905813366779746,1.39586873948574,2
-0.298400060907408,1.8119663529098,2
0.358205678016451,1.68444449901581,2
0.143868471606374,1.60894762650132,2
0.692704333869595,1.7126313213259,2
-0.606444481079529,1.26129765436053,2
0.688790529292373,0.755491445958614,2
0.839707110102023,1.23588413000107,2
1.11297025305353,1.40806222818792,2
0.949191780650859,1.22853794172406,2
1.0325282372879,1.55720614418387,2
-0.214391995877723,1.09666806794703,2
-1.18495452531939,1.55570420101285,2
-0.653992482102677,1.78561903871596,2
0.795811326141889,0.739222482964397,2
0.612493435525029,1.6071720149368,2
0.695156115675156,1.32198872603476,2
-0.282277701324047,1.70206245183945,2
1.09066236335849,0.984138800576329,2
0.281939923007185,1.79469410404563,2
0.155351531151717,1.77401167303324,2
0.475169848842417,1.74202450327575,2
-0.518175417320897,1.73819387182593,2
0.437795667120539,1.00674262344837,2
-0.867627317444524,1.36803633756936,2
0.181113577114402,1.79784637615085,2
1.27763416620004,0.95608029961586,2
0.648339900959621,1.66419798955321,2
-0.926846132251363,0.911029222607613,2
-0.52847946110856,1.53033504337072,2
-0.437170589715598,0.868845960870385,2
1.02901457390404,0.912766464427114,2
0.34152484018698,0.729907706007362,2
1.27280710219255,1.38596866838634,2
-0.674516438278771,1.33619262427092,2
1.09176100393052,0.915598671883345,2
-0.528714020752292,0.655496869236231,2
-0.738773896364889,1.17214217931032,2
0.24782524719193,1.25103713832796,2
1.00062808292339,1.62134930230677,2
0.500756633382792,1.6692089125514,2
0.584583273945437,1.1571636442095,2
1.16806702178663,1.1399749994278,2
-0.171650724706907,1.31799778714776,2
-0.580470859737503,1.48554688841105,2
-0.0403390447860712,1.48348903618753,2
0.835938065065634,0.839223911985755,2
-0.502490270618064,0.815979614108801,2
-0.184142777175639,1.49037630520761,2
1.12906959593542,1.34352372586727,2
0.560762710333448,1.86235082112253,2
0.0584930338997594,1.30038460083306,2
-0.839765459863298,0.905840886756778,2
-0.620217307661842,1.59559862092137,2
-0.99605731659151,1.24588243179023,2
-0.853472204982537,1.04240123666823,2
1.27891925768864,1.08757366724312,2
-0.46601817050954,0.980848892778158,2
0.227307581213909,1.33970418684185,2
0.854685899868539,1.79341363571584,2
-0.755541768063289,1.13412934541702,2
0.724204696063682,1.06812192983925,2
0.907747524189597,0.81123051084578,2
0.415594243050096,1.40403895974159,2
-1.12300396688585,0.936789148300886,2
-0.722031748566448,1.55976671203971,2
0.90542312603118,1.17602770961821,2
-0.900852759324091,0.782462095469237,2
0.574211275129103,1.11210073344409,2
0.297473870760556,1.02405591383576,2
-0.752829388074385,1.46362053826451,2
0.158194282242605,0.909693252667785,2
-0.407205400444179,1.01012429781258,2
-0.0574095317118146,1.5373058564961,2
0.973201222770302,1.67574485056102,2
0.786750319171814,0.985356513410807,2
-0.903934847391489,1.06774564273655,2
0.497998521655769,1.30477777011693,2
1.2259103364824,1.07579980455339,2
0.481114957281706,1.20094798058271,2
-0.0900643684194686,1.01628294438124,2
0.217685864975533,1.02105175368488,2
-0.273124381026306,1.10362129956484,2
-0.829242227065458,1.55036398246884,2
-0.513758686885275,0.928509072586894,2
-1.30503811604528,1.12134167663753,2
0.794943566849004,0.989268983900547,2
-0.969140044872542,1.31883175894618,2
0.774964874053637,1.05045314095914,2
0.19474722852315,1.78523475751281,2
0.221659763131316,0.93030098117888,2
-0.0848847367339904,1.26078687533736,2
-0.467749097951356,0.886460303887725,2
-1.18464472592812,1.48441579788923,2
-0.654570047622685,1.60181977748871,2
-0.263758771084778,1.63139540292323,2
-0.264035141472697,1.85970105491579,2
-0.3521560326612,1.27131598331034,2
0.940471569294598,1.14659282267094,2
-0.933063103622279,0.626571986451745,2
0.588673460321626,1.74343417994678,2
0.219985359892052,1.29463551267982,2
-0.34415578235157,1.85894345715642,2
-0.982786029506905,0.987894668057561,2
1.20579752999504,1.31865670979023,2
-0.612488738636203,1.03672889955342,2
0.58521415174858,1.34805632419884,2
-0.655155813235891,1.42284435518086,2
0.498512902343727,0.719914624094963,2
0.781279920874671,1.34220326505601,2
1.2046468155875,0.823294148594141,2
-0.0245725089145401,1.04517911970615,2
-0.377871707875341,1.50534889660776,2
-0.945483095177067,1.50268972292542,2
1.34017049024679,1.23059394061565,2
0.88415431919013,1.01599160842598,2
-0.638222197153726,1.31719615906477,2
0.110885974355079,1.89960538782179,2
0.365139375808626,1.12771776244044,2
-0.872914603249113,1.04402390606701,2
-0.511429650873513,0.896431938558817,2
0.585114078174487,1.6315782468766,2
0.488500439338375,1.2817296821624,2
0.562999072317241,0.88890188112855,2
0.768529058154308,1.70426618233323,2
0.259172466744018,1.12793256081641,2
-0.529289575173494,1.09330562949181,2
0.461767923374309,0.895106369629502,2
1.04973954070333,0.945761647820473,2
-0.121109955001772,1.1526110637933,2
-1.20208277749027,1.46748446822166,2
-0.990223591886505,1.06151872128248,2
0.242455066489504,1.2518314179033,2
1.01073283071179,0.757823972031474,2
0.44820712953413,0.899155786260963,2
0.675798275679752,1.05709559507668,2
0.799807829696999,1.38774349763989,2
0.600697434733083,1.64798231422901,2
0.812865526411008,1.03894650936127,2
-0.500020493370634,1.22982451356947,2
0.260329464862217,1.4058521412313,2
-0.734135010872721,1.2180880535394,2
1.07147381766062,1.67137862890959,2
1.05133191835843,1.17046132534742,2
-0.713436166300708,1.79311605915427,2
-1.29333137041333,1.21658294685185,2
0.884485230577681,0.687635957449675,2
-0.194633334159065,0.822982164844871,2
0.797556132760436,1.03974772356451,2
0.0226111938859033,1.15942607969046,2
0.363459163088777,1.06362387910485,2
-0.0495779424905777,-0.398993526119739,3
-0.556835791189224,0.135594354663044,3
0.075190916005522,-0.0643469852395355,3
-0.13382342364639,-0.134018281102181,3
0.489356169104576,-0.232246750127524,3
-0.474161368981004,0.1224246150814,3
0.556539763044566,0.104683550912887,3
0.454954306874424,-0.26221842141822,3
0.182236960530281,0.307437350414693,3
0.0680738152004778,0.457833303418011,3
0.36152208885178,0.181861879304051,3
0.0399911060929299,0.532069557253271,3
0.553048587497324,-0.0580941500142217,3
0.16344824032858,0.522505121212453,3
0.457337858062237,-0.223632104415447,3
0.184001813549548,-0.00642145564779639,3
0.0134312197566032,0.532154019735754,3
0.248932862654328,0.164311946276575,3
-0.420136405527592,-0.0600181468762457,3
0.132055833376944,0.00677154203876851,3
-0.587324181385338,-0.10365565912798,3
-0.377044475823641,0.0555916889570653,3
-0.40301958443597,-0.243899307958782,3
0.33192545324564,-0.333561893552542,3
-0.0522256482392549,-0.0267922539263964,3
0.217878651525825,0.0294245165772736,3
-0.451448331680149,-0.186354049108922,3
0.436412535142153,0.370601275842637,3
-0.259243051987141,-0.00263081677258015,3
-0.514078764617443,0.116121013183147,3
0.444658577721566,-0.34237024448812,3
-0.227354428824037,-0.078912197984755,3
-0.051648945081979,0.328724109940231,3
0.193986381869763,-0.206552665494382,3
-0.203493501618504,-0.309369389992207,3
-0.4967041217722,-0.33424317240715,3
-0.024258644040674,0.0426497259177268,3
-0.271373212896287,0.353644541278481,3
-0.122102937754244,0.58713677348569,3
0.387346843164414,-0.243770847748965,3
-0.0289392546750605,0.220250600203872,3
-0.0108977995812893,-0.591269596293569,3
0.485076327715069,0.0822770353406668,3
0.397160376235843,0.304040102474391,3
-0.368198549654335,0.444194407202303,3
0.298257018718868,0.231732148490846,3
-0.370981548819691,0.331187563296407,3
0.196196970250458,-0.0391388894990087,3
0.0284052559174597,0.148838559351862,3
0.440115761943161,0.341019398532808,3
-0.208070697169751,0.142334239650518,3
-0.388207303360105,-0.190193217806518,3
-0.468367872107774,0.367734018992633,3
0.23554791547358,0.253287962079048,3
-0.0160589192993938,0.33121420936659,3
0.11607613870874,0.556243999488652,3
0.236633590981364,-0.28827197374776,3
-0.302982121054083,-0.341290283482522,3
0.419055112078786,-0.147206038422883,3
0.299994444195181,-0.29374915631488,3
-0.578009661845863,0.065158539544791,3
0.499141377490014,-0.11462909867987,3
0.190716505330056,-0.154487571213394,3
-0.279173638019711,-0.438737736269832,3
0.157445304561406,0.117743910290301,3
-0.173818095680326,0.125025165919215,3
-0.118390478845686,-0.519864139705896,3
0.345307845622301,-0.241359728202224,3
0.237834255583584,0.15713413534686,3
0.265740357432514,0.29515496911481,3
-0.106742371246219,-0.108708755113184,3
0.290933856368065,0.0244314942508936,3
-0.553031033556908,0.151628246158361,3
0.557080318126827,0.0263132259249688,3
0.252020846866071,-0.524862493481487,3
0.107199649047107,-0.571218742243946,3
-0.0517717556096613,-0.555781051050872,3
-0.174800626840442,-0.18860983857885,3
-0.454077924415469,0.0715022304095327,3
0.300936573185027,-0.193649405613542,3
0.116405038442463,-0.495251325052232,3
-0.430849147774279,-0.0602213591337204,3
-0.596678390633315,-0.0145357207395136,3
0.439546330086887,0.239835728611797,3
0.121456000953913,-0.285698445048183,3
0.524944412056357,-0.101236265245825,3
0.198959810938686,-0.0546981722116471,3
0.324307282548398,0.0567285002209246,3
-0.00513304816558957,0.0998432457447052,3
0.0286948448047042,-0.110715665481985,3
0.0621443733572959,-0.346372858341783,3
-0.0669985173270107,0.548040514905006,3
-0.347087385691702,0.48150519663468,3
0.278987684380263,0.0439172021113337,3
-0.284351280424744,0.110000098776072,3
0.432279755081981,-0.121681879833341,3
0.377915202174336,0.178503835201263,3
-0.481387639604509,0.300667115114629,3
-0.192415472399443,0.0422256644815207,3
-0.0288390101864934,-0.249880265258253,3
-0.214203981310129,-0.474312249105424,3
-0.316010781470686,-0.448499689344317,3
-0.401090864930302,-0.370242079440504,3
0.526017130818218,-0.209137489646673,3
-0.031739111803472,-0.268447011429816,3
-0.046986605040729,-0.535894933808595,3
-0.015505550801754,0.473063362296671,3
0.166425750777125,-0.300853814464062,3
0.088369204569608,-0.365583803225309,3
-0.324221332278103,-0.0840711987577378,3
0.421562508679926,0.377482326887548,3
-0.345422617066652,0.0794205003418028,3
0.248342309240252,-0.160513696633279,3
0.0591199731454253,0.247259139642119,3
0.289733303803951,-0.523239995352924,3
-0.110585468821228,0.408876597415656,3
0.26555721508339,-0.370144555717707,3
-0.230652018170804,0.401380890794098,3
0.154884372744709,0.458630989864469,3
-0.451586528867483,0.140991992410272,3
0.228148479759693,0.201858363300562,3
-0.471160355955362,0.0619497296400369,3
0.389301888272166,-0.402746802382171,3
-0.014622877445072,0.504029804002494,3
-0.119493383076042,-0.429860216751695,3
0.274546448048204,0.489208783395588,3
-0.108762787096202,-0.383593243081123,3
-0.12801458844915,0.504922968707979,3
-0.152756860479712,0.308445327635854,3
-0.42767289346084,-0.289846738893539,3
0.0895669746212662,-0.0491644221358001,3
0.0857390088960528,-0.300909739080816,3
0.163411052338779,-0.45156511310488,3
-0.124789538327605,-0.15303818397224,3
-0.478850746527314,0.109186390042305,3
0.12644582586363,0.430263704527169,3
-0.302896462753415,0.336268894560635,3
-0.307348474580795,0.241212011408061,3
0.0417632832191884,0.185454863402992,3
-0.506345238815993,0.310912103299052,3
-0.553807009197771,0.0387306910939514,3
-0.143823628965765,-0.0455843036994338,3
-0.278922783304006,0.280963112600148,3
0.553359666187316,0.147097564861178,3
0.0225309753790498,0.0521193576045335,3
0.465790370665491,-0.112024474237114,3
-0.534285130072385,-0.0744331763125956,3
-0.121163037512451,0.153425801452249,3
0.385829794686288,-0.211421643476933,3
0.35394295854494,-0.343898853845894,3
-0.455792406946421,-0.153543245885521,3
0.475023932754993,0.178343293536454,3
0.0483206930570305,0.421137385815382,3
-0.302778990659863,-0.416689963918179,3
-0.164713439997286,0.291158614307642,3
-0.471576209831983,-0.0435509481467307,3
0.236451648920774,-0.392304687481374,3
0.208067500870675,-0.40185462674126,3
-0.27752126539126,-0.371896769385785,3
-0.338015129975975,-0.240324689168483,3
0.371381514519453,0.391615984216332,3
0.277599605731666,-0.372626525815576,3
-0.529994843713939,-0.215823044255376,3
-0.264110371191055,0.254632221255451,3
0.538775571249425,0.107853250298649,3
-0.126723925117403,0.418478188477457,3
0.255646104924381,-0.0195080459117889,3
0.122968020290136,-0.0407880705781281,3
-0.269746597018093,-0.0107658594846726,3
0.327996704634279,-0.39679614873603,3
0.326069381274283,0.245961213670671,3
-0.362313147168607,-0.172297013830394,3
-0.240565648209304,-0.164340464025736,3
0.256225955206901,-0.436010255757719,3
0.350369993783534,-0.196976137440652,3
0.187441722024232,-0.0312311969697475,3
0.536347184702754,-0.203882614709437,3
-0.440772020816803,0.131105550471693,3
-0.0731428105384111,-0.0287199941463768,3
0.481596397049725,0.0397204622626305,3
-0.176380855869502,0.195081940758973,3
-0.187324627675116,-0.323716299422085,3
-0.148050440568477,-0.39756883000955,3
-0.230921027529985,0.42001182474196,3
0.158194989524782,0.382042705267668,3
-0.284371358994395,-0.267946005798876,3
-0.372452114056796,-0.339978169742972,3
-0.382542689144611,-0.104491055198014,3
-0.220834849309176,-0.428828130383044,3
0.415219061169773,-0.0270196446217597,3
-0.55653639016673,-0.0137093204073608,3
0.323478907998651,-0.400721609406173,3
-0.0263300721533597,-0.29156058775261,3
-0.399726373236626,0.153594855219126,3
-0.249246872216463,-0.229325920064002,3
0.367587279248983,0.113681325595826,3
0.223363406583667,0.087792974151671,3
-0.180284494813532,-0.491299894452095,3
-0.183799878694117,0.283930879365653,3
-0.0915473023429513,-0.535909943841398,3
